[
    {
		"courseName": "Introduction to Programming",
		"courseNumber": "ADIT135001",
        "professorName": "Ramiro Oliva",
        "location": "Gasson Hall 205",
        "credits": "4"
	},
	{
		"courseName": "Shakespeare I - Comedies & Dark Humor",
		"courseNumber": "ADEN132601",
        "professorName": "Andrea DeFusco-Sullivan",
        "location": "Online Synchronous",
        "credits": "4"
	},
	{
		"courseName": "Data Analysis",
		"courseNumber": "ADEC531001",
        "professorName": "Gustavo Vicentini",
        "location": "Gasson Hall 210",
        "credits": "4"
	}
]
